100,Raj Kumar,46,59,Male,457945312695,9988475654,Taramandal GKP,Farrukh-sheikh-Orthopaedic,12:58:32 AM,26/12/2020
101,Kaku,56,69,Female,776765894356,9985434664,GKP,Rekha jaiswal-Gynoclogist,2020-12-27 22:36:33.026745,27/12/2020
102,Rajan,40,80,Male,999763456565,9975532489,Basti,Raghav Kataria-Immunologist,2020-12-27 22:37:43.691095,27/12/2020
103,Gyanesh Jaiswal,10,30,Male,747567789674,6644336890,LKO,Farrukh-sheikh-Orthopaedic,2021-07-23 23:51:06.160010,23/07/2021
104,Saurabh,34,46,Male,234567899656,3324434548,BHU,Raghav Kataria-Immunologist,2022-05-11 13:58:31.066494,11/05/2022
105,Shreya Gupta,20,43,Female,898312469843,7880641591,BHU,Rekha jaiswal-Gynoclogist,2023-01-04 14:53:54.620744,04/01/2023
