100,Ram Mohan,45,56,Male,987456846156,Ram Nagar,9987456124,Ravi verma-Surgeon,Cataract,ICU,Admitted,11:14:09,26/12/2020
101,Roheeni,34,60,Male,465789754657,HP Dubey Marg,9987436212,Rekha jaiswal-Gynoclogist,Personal,ICU,Admitted,11:24:53,26/12/2020
102,Neerav,24,78,Male,896753575457,Park Road GKP,8745579246,Farrukh-sheikh-Orthopaedic,Legs ,ICU,Admitted,11:28:28,26/12/2020
103,Neeravana,22,65,Female,789416569556,Karjaha GKP,7881265964,Raghav Kataria-Immunologist,Low Immuity,ICU,Admitted,11:30:04,26/12/2020
105,Swati,34,68,Female,745964687568,Belthara Road,4466745589,Nikhil Verma-Neurologist,Neuro,ICU,Admitted,11:32:56,26/12/2020
106,Nanu,45,68,Male,535778654325,Ram Awadh Nagar,9875424568,Farrukh-sheikh-Orthopaedic,Back Spine,ICU,Admitted,2020-12-27 22:20:07.473661,27/12/2020
107,Dadir,36,78,Male,345790075213,Betiahata GKP,9877896564,Sahnice Shreshtha-Cardiologist,Loose Muscles,G W,Admitted,2020-12-27 22:21:49.160113,27/12/2020
