101,"""Amrit Lal",45,Male,845894528496,5578937766,Physician,GKP,11/04/2021
102,Rekha jaiswal,56,Female,228364928744,9987545647,Gynoclogist,Deoria,11/04/2021
103,Farrukh-sheikh,59,Male,865634575983,9876543487,Orthopaedic,Khorabaar,11/04/2021
104,Ravi verma,57,Male,555778438945,9987645788,Surgeon,Basti,11/04/2021
105,Raghav Kataria,47,Male,546579686756,4534575688,Immunologist,Betiahata,11/04/2021
106,Sahnice Shreshtha,30,Female,264849574683,3457786797,Cardiologist,Mumbai,11/04/2021
107,Nikhil Verma,39,Male,242353468676,4554687788,Neurologist,Daudpur,11/04/2021
108,Zahir Khan,56,Male,543246687545,3423465768,Gastroenologist,GKP,11/04/2021
101,Santosh shukla,20,other,987687967854,9876789659,Sexologist-OTHERS,madhuadih,04/01/2023
