,Unnamed: 0,Timestamp,Name,Gender,Department,Year,SEM 1 SGPA,SEM 1 KT,SEM 2 SGPA,SEM 2 KT,SEM 3 SGPA,SEM 3 KT,SEM 4 SGPA,SEM 4 KT,SEM 5 SGPA,SEM 5 KT,SEM 6 SGPA,SEM 6 KT,SEM 7 SGPA,SEM 7 KT,SEM 8 SGPA,How many hours per week do you spend on writing assignments?,How many hours per week do you spend on studies?,How much time does it take for you to reach college?,How much would you consider as your average attendance throughout all the semesters so far?,Internet availability at home,"If yes, what is your internet speed?",What is your preferred mode of transportation to reach college?,Can you sit a lecture for 2 hrs straight?,Do you do your submissions on time?,"If there are 5 hrs of lectures per day, would you attend all?","If there are 5 hrs of practicals per day, would you attend all?",Have you enrolled for coaching classes?,Teacher's Feedback,Have you won or participated in any Non - Technical event?,Label,How socially active are you?,Average pointer
0,0,2018/02/14 9:29:33 PM GMT+5:30,Mayuresh Pitale,Male,Computer Engineering,Second Year,7.93,0,7.93,0,7.38,0.0,7.3,0.0,7.4,0,7.6,0.0,7.9,0,7.2,0,1,1,3,1,0,1,0,1,1,0,0,Good student,0,1,1,7.58
1,1,2018/02/14 9:34:26 PM GMT+5:30,Vijeta Nayak ,Female,Computer Engineering,Fourth Year,7.75,0,7.78,0,7.68,0.0,8.93,0.0,8.33,0,8.5,0.0,8.0,0,9.0,0,0,2,2,1,0,1,0,1,1,1,0,Good leadership skills,1,1,0,8.24625
2,2,2018/02/14 9:39:11 PM GMT+5:30,Ojas Nandkumar Thale,Male,Information Technology,Second Year,6.15,0,6.09,0,6.0,0.0,7.1,0.0,6.1,0,6.3,0.0,6.7,0,6.7,1,1,3,2,1,0,3,1,1,1,1,0,Hard working,1,1,0,6.392500000000001
3,3,2018/02/14 9:40:41 PM GMT+5:30,Anush Madathumkara,Male,Computer Engineering,First Year,5.75,0,6.54,0,5.9,0.0,5.98,0.0,6.0,0,6.2,0.0,6.3,0,6.8,0,0,3,1,1,0,1,0,0,0,1,1,Responsible,1,1,0,6.183749999999999
4,4,2018/02/14 9:41:14 PM GMT+5:30,Parag Iyyani ,Male,Computer Engineering,Second Year,5.67,0,6.81,0,6.6,2.0,6.5,0.0,6.7,0,6.2,0.0,5.8,0,5.9,0,0,2,3,1,0,1,0,1,1,1,0,Good leadership skills,0,1,1,6.2725
5,5,2018/02/14 9:42:00 PM GMT+5:30,Akshay Chakkungal,Male,Computer Engineering,Second Year,6.1,2,6.1,1,6.5,2.0,5.9,0.0,5.4,0,5.2,0.0,6.1,0,6.2,1,0,3,3,1,0,1,1,1,1,1,1,Disciplined and hard working,1,1,1,5.937500000000001
6,6,2018/02/14 9:44:12 PM GMT+5:30,Shradha,Female,Information Technology,Second Year,6.2,1,6.3,2,5.9,1.0,5.8,0.0,6.5,0,6.2,0.0,5.7,0,5.9,1,0,1,4,1,0,1,0,0,0,0,1,Good but can be better,0,1,0,6.0625
7,7,2018/02/14 9:45:04 PM GMT+5:30,TEJAS AVINASH PATIL,Male,Information Technology,Second Year,6.51,0,7.42,0,6.73,0.0,7.0,0.0,7.1,0,7.2,,7.6,0,7.2,0,0,3,3,1,0,1,1,1,1,1,0,Good leadership skills,1,1,0,7.0950000000000015
8,8,2018/02/14 9:45:38 PM GMT+5:30,Prem Thamarakshan,Male,Information Technology,Second Year,6.0,1,6.15,0,6.2,2.0,5.9,0.0,6.8,0,6.4,0.0,6.2,0,6.7,0,0,2,4,1,0,1,0,0,1,1,0,Good but can be better,0,1,1,6.293750000000001
9,9,2018/02/14 9:47:48 PM GMT+5:30,Kaustubh Nitin Deshmukh,Male,Mechanical Engineering,Second Year,7.2,0,7.1,0,6.43,0.0,7.3,0.0,7.4,0,7.9,0.0,7.4,0,6.9,0,1,2,5,1,0,2,0,0,0,0,0,Responsible,1,1,0,7.2037499999999985
10,10,2018/02/14 9:48:02 PM GMT+5:30,Neha Mahesh Patil,Female,Information Technology,Second Year,8.0,0,7.85,0,8.54,0.0,8.1,0.0,8.3,0,7.9,0.0,7.0,0,7.5,0,0,3,2,1,0,3,0,1,0,1,0,Excellent performance,1,1,0,7.8987500000000015
11,11,2018/02/14 9:48:24 PM GMT+5:30,Sonali patil,Female,Information Technology,Second Year,6.7,0,6.67,0,6.69,0.0,6.9,0.0,6.8,0,6.4,0.0,6.2,0,6.1,0,0,3,2,1,0,1,1,1,0,1,0,Excellent performance,0,1,1,6.5575
12,12,2018/02/14 9:52:17 PM GMT+5:30,Shraddha pandey,Female,Information Technology,Second Year,6.5,2,6.1,1,5.0,0.0,6.2,0.0,6.7,0,6.4,0.0,6.8,0,6.2,0,0,1,5,1,0,1,0,0,0,1,0,Good leadership skills,0,1,0,6.2375
13,13,2018/02/14 9:52:49 PM GMT+5:30,Gitanjali Singh,Female,Information Technology,Second Year,7.41,0,8.0,0,8.54,0.0,8.1,0.0,8.2,0,8.4,0.0,7.9,0,7.8,0,0,2,1,1,0,1,1,1,1,1,0,willingness to put effort,1,1,0,8.04375
14,14,2018/02/14 9:56:07 PM GMT+5:30,CHIRAG BHOIR,Male,Mechanical Engineering,Second Year,8.57,0,8.22,0,8.08,0.0,8.8,0.0,8.5,0,8.4,0.0,8.6,0,8.1,0,0,3,1,1,0,3,0,1,1,1,0,Disciplined and hard working,0,1,0,8.40875
15,15,2018/02/14 9:56:07 PM GMT+5:30,Avdhoot Mane,Male,Information Technology,Second Year,5.14,0,5.2,2,5.6,1.0,5.9,0.0,5.7,0,5.8,0.0,5.9,0,5.7,0,0,2,3,1,0,1,0,0,0,0,0,Responsible,0,1,1,5.6175
16,16,2018/02/14 9:58:58 PM GMT+5:30,Prachi Satbhaya,Female,Information Technology,Second Year,5.6,1,5.7,1,5.2,1.0,5.7,0.0,5.1,0,5.2,0.0,5.6,0,5.9,0,0,1,2,1,0,3,0,1,1,0,0,Willingness to Put Forth Effort,1,1,0,5.5
17,17,2018/02/14 10:00:38 PM GMT+5:30,Saad shaikh,Male,Information Technology,Second Year,5.5,2,5.2,2,5.85,0.0,5.9,0.0,5.7,0,5.6,0.0,5.3,0,5.7,0,0,2,3,1,0,1,0,1,1,1,0,Good but can be better,0,1,1,5.593749999999999
18,18,2018/02/14 10:02:10 PM GMT+5:30,Prathamesh ganesh patil,Male,Automobile Engineering,First Year,5.1,2,5.2,0,5.6,1.0,5.4,0.0,5.3,0,5.4,0.0,5.2,0,5.4,0,0,3,3,1,0,1,1,1,0,1,1,Willingness to Put Forth Effort,1,1,0,5.325
19,19,2018/02/14 10:02:14 PM GMT+5:30,Mansi Nimje,Female,Information Technology,Second Year,7.74,0,7.5,1,7.73,0.0,7.8,0.0,7.9,0,7.4,0.0,7.8,0,8.0,0,0,3,2,1,0,1,0,1,1,1,0,Excellent performance,0,1,0,7.73375
20,20,2018/02/14 10:03:35 PM GMT+5:30,Nikita patil,Female,Electronics Engineering,First Year,5.8,1,5.2,1,5.3,0.0,5.9,0.0,5.8,0,5.9,0.0,5.7,0,6.0,0,1,2,1,1,0,3,1,1,1,1,0,Disciplined and hard working,0,1,1,5.700000000000001
21,21,2018/02/14 10:03:57 PM GMT+5:30,Krutika Parvatikar ,Female,Information Technology,Second Year,7.3,0,7.2,1,6.77,0.0,6.9,0.0,6.8,0,7.2,0.0,7.1,0,7.3,0,0,1,2,1,0,1,0,1,0,1,0,Willingness to Put Forth Effort,1,1,0,7.07125
22,22,2018/02/14 10:04:37 PM GMT+5:30,Nayan Shelke,Male,Mechanical Engineering,Second Year,9.48,0,9.69,0,8.89,0.0,8.9,0.0,8.7,0,9.2,0.0,9.1,0,9.4,1,0,3,1,1,0,2,0,1,1,0,0,Good leadership skills,1,1,1,9.17
23,23,2018/02/14 10:04:46 PM GMT+5:30,Suraj vijay Patil,Male,Mechanical Engineering,Second Year,6.12,0,7.82,0,6.58,0.0,7.1,0.0,7.0,0,6.9,0.0,6.8,0,7.2,0,0,3,3,0,0,1,0,1,1,1,0,Excellent performance,1,1,0,6.94
24,24,2018/02/14 10:04:51 PM GMT+5:30,Kajal Rajendra Borhade,Female,Information Technology,Second Year,5.6,2,5.8,2,5.8,1.0,6.2,0.0,6.1,0,6.3,0.0,6.4,0,6.2,0,0,3,5,1,0,1,1,1,1,1,0,Good but can be better,0,1,1,6.05
25,25,2018/02/14 10:05:03 PM GMT+5:30,Karan nipurte,Male,Computer Engineering,First Year,5.9,1,5.7,1,5.6,1.0,5.8,0.0,5.9,0,6.1,0.0,6.7,0,6.4,0,1,3,5,0,0,2,1,0,1,0,0,Disciplined and hard working,0,1,1,6.012500000000001
26,26,2018/02/14 10:05:47 PM GMT+5:30,Akshay Puranjay Shetty,Male,Information Technology,Second Year,6.89,0,7.6,0,7.9,0.0,7.8,0.0,7.5,0,7.6,0.0,7.4,0,7.9,0,1,2,1,1,0,1,0,1,1,0,0,Respectful to Authority and Others,1,1,1,7.573749999999999
27,27,2018/02/14 10:06:13 PM GMT+5:30,Pooja zagade ,Female,Information Technology,Second Year,7.89,0,7.37,0,7.65,0.0,7.6,0.0,7.9,0,7.7,0.0,7.4,0,8.0,0,0,3,1,1,0,1,1,1,1,1,0,Good leadership skills,1,1,1,7.68875
28,28,2018/02/14 10:06:17 PM GMT+5:30,Mustafa Shaikh,Male,Information Technology,Second Year,7.11,0,7.44,0,6.08,0.0,7.1,0.0,7.2,0,7.4,0.0,7.1,0,6.9,0,0,2,4,1,0,1,0,1,1,1,0,Respectful to Authority and Others,0,1,0,7.041250000000002
29,29,2018/02/14 10:07:17 PM GMT+5:30,Tejas patil,Male,Mechanical Engineering,First Year,5.6,1,5.8,1,5.7,2.0,6.2,0.0,6.1,0,5.9,0.0,5.8,0,6.1,0,0,3,1,1,0,3,1,1,1,1,0,Excellent performance,1,1,0,5.9
30,30,2018/02/14 10:07:38 PM GMT+5:30,Satish,Male,Computer Engineering,Second Year,7.1,0,6.85,0,7.2,1.0,7.3,0.0,7.6,0,6.9,0.0,7.2,0,6.9,1,0,2,3,1,0,1,0,0,0,0,0,Disciplined and hard working,1,1,0,7.13125
31,31,2018/02/14 10:07:48 PM GMT+5:30,Wakchaure Reeya Sunil,Female,Information Technology,Second Year,5.65,0,5.7,2,5.9,2.0,5.8,0.0,5.95,0,6.0,0.0,6.1,0,6.2,0,0,2,3,1,0,1,0,0,1,0,0,Responsible,0,1,0,5.9125000000000005
32,32,2018/02/14 10:08:23 PM GMT+5:30,Amruta Ankush Kshirsagar,Female,Information Technology,Second Year,5.7,2,5.85,1,5.6,2.0,6.0,0.0,6.1,0,6.2,0.0,6.15,0,5.9,0,0,2,3,1,0,1,1,1,1,1,0,Respectful to Authority and Others,0,1,0,5.9375
33,33,2018/02/14 10:08:58 PM GMT+5:30,Surajrao shelavlekr,Male,Mechanical Engineering,Second Year,9.0,0,9.0,0,8.0,0.0,8.5,0.0,8.4,0,8.6,0.0,8.3,0,8.2,0,0,3,3,1,0,2,0,1,0,0,0,Willingness to Put Forth Effort,1,1,1,8.5
34,34,2018/02/14 10:10:06 PM GMT+5:30,Sharan Thanneeru,Male,Information Technology,Second Year,5.5,0,6.0,0,6.1,0.0,6.2,0.0,6.1,0,5.9,0.0,6.0,0,6.2,0,0,3,5,1,0,3,0,1,1,1,0,Excellent performance,0,1,0,6.0
35,35,2018/02/14 10:11:01 PM GMT+5:30,Nilesh yadav,Male,Information Technology,Second Year,7.1,0,7.2,0,6.88,0.0,6.9,0.0,6.7,0,7.5,0.0,7.3,0,7.3,0,0,3,3,1,0,2,1,0,0,1,0,Disciplined and hard working,0,1,0,7.1099999999999985
36,36,2018/02/14 10:12:00 PM GMT+5:30,Shrikant Zanzane,Male,Computer Engineering,Second Year,6.3,0,6.5,0,5.5,0.0,5.9,0.0,6.0,0,6.2,0.0,6.3,0,5.9,0,1,2,4,1,0,1,1,1,1,1,0,Willingness to Put Forth Effort,1,1,1,6.075
37,37,2018/02/14 10:12:40 PM GMT+5:30,Tejas Ranjit,Male,Automobile Engineering,Second Year,5.8,1,5.5,2,6.0,1.0,6.1,0.0,6.15,0,6.09,0.0,6.2,0,6.4,0,0,2,2,1,0,1,0,1,1,0,0,Good but can be better,1,1,0,6.03
38,38,2018/02/14 10:12:43 PM GMT+5:30,Nilesh bhau bhere,Male,Mechanical Engineering,Second Year,6.0,0,5.0,0,7.0,0.0,6.5,0.0,6.9,0,6.7,0.0,6.8,0,6.7,0,0,3,4,1,0,2,1,0,0,0,0,Good leadership skills,1,1,1,6.45
39,39,2018/02/14 10:17:06 PM GMT+5:30,Ankita Dagadu Bele,Female,Information Technology,Second Year,7.7,0,7.63,0,9.85,0.0,8.8,0.0,8.5,0,8.4,0.0,8.0,0,7.9,1,1,1,2,1,0,1,1,1,1,1,0,Respectful to Authority and Others,0,1,0,8.3475
40,40,2018/02/14 10:20:20 PM GMT+5:30,Faisal shaikh,Male,Information Technology,Second Year,7.65,0,6.76,0,6.62,0.0,6.9,0.0,6.8,0,6.7,0.0,6.95,0,7.0,0,0,1,4,1,0,1,0,0,0,1,0,Respectful to Authority and Others,1,1,0,6.9225
41,41,2018/02/14 10:20:44 PM GMT+5:30,Avdhut Ashok Ghatage,Female,Mechanical Engineering,Second Year,8.89,0,8.26,0,8.04,0.0,8.5,0.0,8.6,0,8.1,0.0,8.2,0,8.8,0,0,2,2,0,0,1,0,1,1,1,0,Respectful to Authority and Others,1,1,0,8.42375
42,42,2018/02/14 10:22:32 PM GMT+5:30,Priyanka Gupta ,Female,Information Technology,Second Year,6.63,0,6.6,0,6.58,0.0,6.3,0.0,6.5,0,6.6,0.0,6.7,0,6.9,0,0,3,1,1,0,1,1,1,1,1,0,Excellent performance,1,1,0,6.60125
43,43,2018/02/14 10:22:40 PM GMT+5:30,Sahil Yadav,Male,Information Technology,Second Year,5.8,0,5.9,1,5.9,0.0,6.0,0.0,6.2,0,6.4,0.0,6.7,0,6.5,0,0,2,3,1,0,1,0,1,0,0,0,Disciplined and hard working,0,1,0,6.175000000000002
44,44,2018/02/14 10:24:28 PM GMT+5:30,Pushpak Nitin Bhoge,Male,Electronics Engineering,Second Year,7.2,0,7.3,0,7.16,0.0,7.1,0.0,7.2,0,7.1,0.0,7.7,0,7.5,1,0,3,3,1,0,1,1,0,0,1,0,Willingness to Put Forth Effort,0,1,0,7.2825000000000015
45,45,2018/02/14 10:27:45 PM GMT+5:30,Wahab memon,Male,Information Technology,Fourth Year,5.8,0,6.0,0,6.2,0.0,6.1,0.0,6.3,0,6.4,0.0,6.5,0,6.2,0,0,2,3,1,0,1,0,1,1,1,0,Solid Social and Emotional Skills,0,1,0,6.187500000000001
46,46,2018/02/14 10:28:40 PM GMT+5:30,Amulya Poojari ,Female,Computer Engineering,Fourth Year,7.5,0,7.6,0,7.5,0.0,6.82,0.0,7.82,0,8.0,0.0,8.2,0,8.4,0,0,3,2,1,0,3,0,1,1,0,0,Self-Motivated,1,1,0,7.729999999999999
47,47,2018/02/14 10:29:21 PM GMT+5:30,Sujitha Sudevan ,Female,Computer Engineering,Fourth Year,8.67,0,8.12,0,7.98,0.0,9.18,0.0,9.17,0,9.17,0.0,9.3,0,9.0,0,0,2,3,1,0,1,0,1,1,1,0,Excellent performance,1,1,1,8.82375
48,48,2018/02/14 10:29:50 PM GMT+5:30,Payal Tiwari ,Female,Computer Engineering,Fourth Year,7.56,0,6.5,0,6.01,0.0,6.07,0.0,6.88,0,7.75,0.0,7.2,0,7.6,0,0,3,3,1,0,3,1,1,1,0,0,Good but can be better,1,1,0,6.946250000000001
49,49,2018/02/14 10:30:26 PM GMT+5:30,Sushmita Manche,Female,Computer Engineering,Fourth Year,6.89,0,7.0,0,6.2,0.0,6.4,0.0,7.02,0,8.17,0.0,8.6,0,8.5,0,0,1,3,1,0,1,0,1,0,1,0,Self-Motivated,0,1,0,7.347500000000001
50,50,2018/02/14 10:31:34 PM GMT+5:30,Uzair Pawaskar,Male,Information Technology,Second Year,5.9,0,5.6,0,5.8,1.0,6.1,0.0,6.15,0,6.09,0.0,6.12,0,6.4,0,0,2,5,1,0,1,1,1,1,1,1,Good leadership skills,1,1,0,6.02
51,51,2018/02/14 10:32:23 PM GMT+5:30,Trishala Pawar,Female,Electronics And Telecommunication Engineering,Fourth Year,6.2,0,6.3,0,6.0,0.0,5.6,0.0,6.6,0,6.35,0.0,6.25,0,6.4,0,0,2,4,1,0,1,1,1,0,0,0,Solid Social and Emotional Skills,1,1,0,6.2125
52,52,2018/02/14 10:32:32 PM GMT+5:30,Shailey Kadam,Female,Computer Engineering,Fourth Year,8.15,0,7.8,0,8.18,0.0,9.0,0.0,8.83,0,8.5,0.0,8.3,0,8.6,0,0,3,3,1,0,1,0,1,0,1,0,Excellent performance,1,1,0,8.419999999999998
53,53,2018/02/14 10:33:45 PM GMT+5:30,Komal ,Female,Computer Engineering,Fourth Year,8.3,0,8.74,0,7.25,0.0,9.0,0.0,8.74,0,9.0,0.0,9.1,0,8.8,0,0,3,1,1,0,3,0,1,1,1,0,Disciplined and hard working,1,1,0,8.61625
54,54,2018/02/14 10:34:20 PM GMT+5:30,Shivani,Female,Computer Engineering,Fourth Year,7.2,0,7.26,0,7.5,0.0,8.0,0.0,7.9,0,8.2,0.0,8.4,0,7.5,0,0,3,3,1,0,1,0,1,0,1,0,Willingness to Put Forth Effort,0,1,0,7.745
55,55,2018/02/14 10:37:22 PM GMT+5:30,Sandnya Patil,Female,Computer Engineering,Second Year,7.87,0,7.15,0,7.42,0.0,7.5,0.0,7.8,0,7.4,0.0,7.2,0,8.0,0,0,3,2,1,0,3,0,1,1,0,0,Responsible,1,1,1,7.542499999999999
56,56,2018/02/14 10:38:10 PM GMT+5:30,Gaurav Patil ,Male,Information Technology,Second Year,6.67,0,6.81,0,8.08,0.0,8.1,0.0,7.9,0,7.6,0.0,7.5,0,8.0,0,0,3,1,1,0,3,1,1,1,0,0,Respectful to Authority and Others,0,1,1,7.5825
57,57,2018/02/14 10:38:27 PM GMT+5:30,Dipti patil,Female,Information Technology,Second Year,5.8,0,5.9,0,5.92,0.0,6.0,0.0,6.1,0,6.3,0.0,6.5,0,6.4,0,0,2,2,0,0,2,0,1,1,1,0,Willingness to Put Forth Effort,0,1,0,6.114999999999998
58,58,2018/02/14 10:40:30 PM GMT+5:30,Kevin,Male,Computer Engineering,Fourth Year,8.2,0,8.5,0,8.3,0.0,7.9,0.0,7.5,0,7.8,0.0,7.7,0,7.6,0,0,1,2,1,0,1,0,1,0,1,0,Excellent performance,0,1,0,7.9375
59,59,2018/02/14 10:41:34 PM GMT+5:30,Aishwarya,Female,Computer Engineering,Fourth Year,7.9,0,7.8,0,6.62,0.0,6.8,0.0,7.64,0,8.0,0.0,8.1,0,8.3,1,0,2,2,1,0,1,0,1,0,1,0,Good but can be better,0,1,0,7.645
60,60,2018/02/14 10:44:44 PM GMT+5:30,Praveen Pandey ,Male,Computer Engineering,Fourth Year,6.5,0,6.3,0,6.7,0.0,6.8,0.0,6.9,0,7.1,0.0,7.2,0,7.3,0,0,2,4,1,0,1,1,0,0,1,0,Respectful to Authority and Others,1,1,0,6.8500000000000005
61,61,2018/02/14 10:45:16 PM GMT+5:30,Rachana Vannal,Female,Information Technology,Second Year,6.69,0,6.8,1,6.42,0.0,6.5,0.0,6.4,0,6.3,0.0,6.8,0,7.0,1,0,2,2,0,0,1,1,1,1,0,0,Disciplined and hard working,0,1,0,6.61375
62,62,2018/02/14 10:47:36 PM GMT+5:30,Rajeena Rahim,Female,Information Technology,Fourth Year,7.68,0,7.02,0,7.02,0.0,7.0,0.0,7.35,0,8.28,0.0,8.3,0,8.5,0,0,1,4,1,0,1,1,1,1,1,0,Self-Motivated,1,1,0,7.643750000000002
63,63,2018/02/14 10:49:45 PM GMT+5:30,Sahil Tanawade,Male,Electronics And Telecommunication Engineering,Second Year,7.79,0,8.5,0,8.04,0.0,8.4,0.0,8.3,0,8.2,0.0,8.5,0,8.3,0,0,3,3,1,0,3,1,1,1,1,0,Respectful to Authority and Others,1,1,0,8.25375
64,64,2018/02/14 10:51:41 PM GMT+5:30,Atharv Phadnis,Male,Information Technology,Second Year,7.04,0,7.0,0,7.38,0.0,7.6,0.0,7.5,0,7.1,0.0,7.2,0,7.3,1,1,2,2,1,0,1,1,1,1,1,1,Respectful to Authority and Others,1,1,0,7.265
65,65,2018/02/14 10:55:37 PM GMT+5:30,Shinu,Male,Mechanical Engineering,Second Year,5.9,2,5.8,2,5.6,1.0,5.9,0.0,6.0,0,6.1,,6.2,0,6.5,0,1,1,2,1,0,1,1,0,1,0,0,Good leadership skills,1,1,0,6.0
66,66,2018/02/14 10:57:52 PM GMT+5:30,Vaishnavi sanjeeva  shetty ,Female,Information Technology,Second Year,9.52,0,9.24,0,10.0,0.0,9.8,0.0,9.9,0,9.6,0.0,9.8,0,10.0,0,1,3,1,1,0,2,1,1,1,1,0,Self-Motivated,0,1,0,9.7325
67,67,2018/02/14 10:58:45 PM GMT+5:30,Mayur Jayawant Kachare,Male,Information Technology,Second Year,7.5,0,7.2,0,6.27,0.0,7.1,0.0,7.3,0,7.5,0.0,7.1,0,7.7,0,0,2,2,1,0,1,1,1,1,1,0,Respectful to Authority and Others,0,1,0,7.20875
68,68,2018/02/14 10:59:12 PM GMT+5:30,Nikita  Maruti Tikone,Female,Information Technology,Second Year,7.56,0,8.41,0,9.46,0.0,9.3,0.0,9.5,0,9.4,0.0,8.0,0,8.1,0,0,3,1,1,0,1,1,1,1,1,0,Willingness to Put Forth Effort,1,1,0,8.71625
69,69,2018/02/14 11:01:38 PM GMT+5:30,Nikita Maruti Tikone,Female,Information Technology,Second Year,7.56,0,8.41,0,9.46,0.0,9.5,0.0,8.9,0,8.4,0.0,8.9,0,8.8,0,0,3,1,1,0,1,1,1,1,1,0,Good but can be better,1,1,0,8.741249999999999
70,70,2018/02/14 11:02:19 PM GMT+5:30,Atharva Pawar,Male,Information Technology,Second Year,6.19,0,6.2,1,6.15,1.0,7.0,0.0,7.1,0,6.9,0.0,6.8,0,6.7,1,0,2,4,1,0,1,0,0,1,1,0,Excellent performance,0,1,0,6.63
71,71,2018/02/14 11:03:22 PM GMT+5:30,Nikita Maruti,Female,Information Technology,Second Year,7.56,0,8.41,0,9.46,0.0,8.0,0.0,8.5,0,8.6,0.0,8.3,0,8.2,0,0,3,1,1,0,1,1,1,1,1,0,Self-Motivated,1,1,0,8.37875
72,72,2018/02/14 11:23:09 PM GMT+5:30,Misbah khan,Female,Computer Engineering,Fourth Year,7.2,0,7.1,0,6.11,0.0,6.67,0.0,7.14,0,7.71,0.0,7.2,0,7.3,0,0,2,4,1,0,1,1,1,0,0,1,Good leadership skills,1,1,1,7.05375
73,73,2018/02/14 11:36:50 PM GMT+5:30,Nikhil,Male,Computer Engineering,Second Year,5.67,0,5.8,1,5.17,0.0,5.6,0.0,5.9,0,5.9,0.0,7.0,0,7.1,0,0,3,1,1,0,1,0,1,0,0,1,Respectful to Authority and Others,0,1,0,6.0175
74,74,2018/02/14 11:44:45 PM GMT+5:30,Parth Bapat ,Male,Electronics And Telecommunication Engineering,Second Year,9.21,0,9.38,0,9.43,0.0,9.1,0.0,9.2,0,8.9,0.0,9.5,0,9.6,0,0,3,2,1,0,3,1,1,0,0,0,Respectful to Authority and Others,1,1,1,9.29
75,75,2018/02/14 11:45:40 PM GMT+5:30,Rushikesh Mhatre,Male,Electronics And Telecommunication Engineering,Second Year,7.79,0,8.77,0,7.91,0.0,8.0,0.0,8.2,0,8.6,0.0,8.5,0,8.4,0,0,3,3,1,0,3,0,1,1,1,0,Willingness to Put Forth Effort,1,1,0,8.27125
76,76,2018/02/14 11:46:04 PM GMT+5:30,Abhiraj Sutar,Male,Electronics Engineering,Second Year,7.8,0,7.2,0,7.8,0.0,7.2,0.0,7.5,0,7.4,0.0,7.6,0,7.2,0,1,3,2,1,0,2,1,1,0,0,0,Excellent performance,1,1,0,7.4625
77,77,2018/02/14 11:49:29 PM GMT+5:30,Tanmay,Male,Computer Engineering,Second Year,5.9,1,5.6,1,6.0,2.0,6.1,0.0,6.2,0,6.15,0.0,6.0,0,6.5,0,0,3,4,1,0,3,0,0,0,1,0,Disciplined and hard working,0,1,0,6.05625
78,78,2018/02/14 11:49:33 PM GMT+5:30,Mitesh patil,Male,Computer Engineering,Second Year,8.12,0,7.93,0,8.0,0.0,8.1,0.0,8.3,0,8.2,0.0,8.4,0,8.1,0,0,3,2,1,0,3,1,1,1,1,0,Good but can be better,1,1,0,8.14375
79,79,2018/02/14 11:55:58 PM GMT+5:30,Pooja Bist,Female,Computer Engineering,Fourth Year,7.2,0,7.1,0,6.54,0.0,7.84,0.0,8.13,0,8.33,0.0,8.1,0,8.4,0,0,3,2,1,0,3,1,1,1,1,0,Eagerness to Learn,1,1,0,7.705
80,80,2018/02/14 11:56:23 PM GMT+5:30,Sanket Kulkarni,Male,Computer Engineering,Second Year,9.12,0,9.4,0,8.7,0.0,8.6,0.0,8.6,0,8.3,0.0,7.9,0,8.5,1,0,3,4,0,0,3,0,0,0,0,0,Self-Motivated,1,1,0,8.64
81,81,2018/02/14 11:56:54 PM GMT+5:30,Mehul Nachankar,Male,Electronics Engineering,First Year,9.05,0,9.0,0,9.1,0.0,9.2,0.0,9.5,0,9.4,0.0,8.9,0,9.2,0,0,3,3,1,0,3,1,1,0,0,0,Respectful to Authority and Others,0,1,0,9.16875
82,82,2018/02/14 11:59:07 PM GMT+5:30,Shantanu Bhagwat,Male,Mechanical Engineering,Third Year,9.42,0,9.34,0,8.02,0.0,7.84,0.0,8.2,0,8.3,0.0,8.8,0,8.4,0,0,3,3,1,0,3,1,1,1,1,0,Responsible,0,1,0,8.54
83,83,2018/02/15 12:12:06 AM GMT+5:30,AGARWAL VIJAY,Male,Mechanical Engineering,Second Year,7.6,0,8.4,0,7.78,0.0,7.9,0.0,7.8,0,8.0,0.0,8.1,0,8.2,0,1,2,1,1,0,2,1,1,1,1,0,Eagerness to Learn,1,1,0,7.9725
84,84,2018/02/15 12:20:54 AM GMT+5:30,Bhakti Prabhu,Female,Electronics And Telecommunication Engineering,Second Year,9.08,0,9.62,0,9.48,0.0,9.4,0.0,9.2,0,9.3,0.0,9.5,0,9.1,0,0,3,1,1,0,3,0,1,1,1,0,Willingness to Put Forth Effort,1,1,1,9.335
85,85,2018/02/15 12:31:17 AM GMT+5:30,Advait patil,Male,Electronics And Telecommunication Engineering,Second Year,4.8,0,7.85,0,7.43,0.0,7.5,0.0,7.6,0,7.4,0.0,7.4,0,7.8,0,0,3,2,0,0,3,0,1,0,1,0,Excellent performance,0,1,0,7.222499999999998
86,86,2018/02/15 12:44:33 AM GMT+5:30,Anoop .R.Pillai,Male,Computer Engineering,Second Year,6.6,0,5.5,2,5.9,1.0,6.0,0.0,6.2,0,6.15,0.0,6.3,0,6.6,0,0,3,2,1,0,1,1,1,0,1,1,Self-Motivated,1,1,0,6.15625
87,87,2018/02/15 1:01:53 AM GMT+5:30,Anuja Gundecha,Female,Electronics Engineering,Second Year,8.25,0,8.2,0,8.26,0.0,8.3,0.0,8.5,0,8.4,0.0,9.24,0,9.0,0,0,3,2,1,0,3,0,1,0,1,0,Disciplined and hard working,1,1,0,8.51875
88,88,2018/02/15 1:21:11 AM GMT+5:30,Prakash Raj,Male,Computer Engineering,Fourth Year,7.0,0,7.0,0,7.0,0.0,7.0,0.0,7.83,0,7.83,0.0,7.2,0,7.5,0,0,3,3,1,0,1,0,0,1,1,0,Eagerness to Learn,0,1,1,7.295
89,89,2018/02/15 2:09:02 AM GMT+5:30,Abhishek,Male,Electronics And Telecommunication Engineering,Second Year,7.2,0,7.96,0,6.39,0.0,7.3,0.0,7.6,0,7.5,0.0,8.41,0,8.4,0,0,3,2,1,0,2,1,1,0,1,0,Self-Motivated,0,1,0,7.595
90,90,2018/02/15 5:46:05 AM GMT+5:30,Shailesh kotian,Male,Computer Engineering,Fourth Year,8.78,0,8.64,0,7.93,0.0,8.96,0.0,8.67,0,8.67,0.0,8.41,0,8.5,0,0,3,2,1,0,2,0,1,0,1,0,Respectful to Authority and Others,0,1,0,8.57
91,91,2018/02/15 6:15:57 AM GMT+5:30,Vignesh,Male,Information Technology,Second Year,6.2,1,9.0,1,6.3,1.0,6.8,0.0,6.7,0,6.5,0.0,6.2,0,6.6,0,0,1,3,1,0,1,0,1,0,1,0,Good leadership skills,0,1,0,6.7875000000000005
92,92,2018/02/15 7:10:31 AM GMT+5:30,Aniket Patil,Male,Mechatronics Engineering,Second Year,6.3,2,6.2,1,6.7,1.0,6.2,0.0,7.5,0,8.4,0.0,8.41,0,6.82,0,0,2,5,1,0,1,0,1,0,1,0,Eagerness to Learn,1,1,0,7.066249999999998
93,93,2018/02/15 8:04:41 AM GMT+5:30,Swaroop Pillai,Male,Mechanical Engineering,Second Year,7.89,0,7.93,0,8.27,0.0,8.0,0.0,7.14,0,6.9,,7.1,0,9.18,0,0,3,2,1,0,3,0,0,0,1,1,Willingness to Put Forth Effort,0,1,0,7.80125
94,94,2018/02/15 8:05:36 AM GMT+5:30,Pradyumna Marathe,Male,Electronics And Telecommunication Engineering,Second Year,9.21,0,10.0,0,9.35,0.0,9.0,0.0,5.9,0,8.6,0.0,5.8,0,6.07,0,1,3,2,1,0,3,1,1,0,1,0,Eagerness to Learn,0,1,0,7.99125
95,95,2018/02/15 8:21:08 AM GMT+5:30,SHIVAM PATIL,Male,Computer Engineering,Second Year,9.16,0,8.56,0,7.22,0.0,7.0,0.0,9.2,0,7.71,0.0,9.38,0,6.4,0,1,2,1,1,0,2,0,0,1,1,0,Self-Motivated,1,1,0,8.078750000000001
96,96,2018/02/15 8:31:08 AM GMT+5:30,Shubham gundawar,Male,Computer Engineering,Second Year,8.3,0,8.7,0,8.2,0.0,8.1,0.0,8.2,0,5.9,0.0,8.77,0,6.1,0,0,3,2,1,0,3,0,1,1,0,0,Willingness to Put Forth Effort,1,1,1,7.78375
97,97,2018/02/15 8:34:01 AM GMT+5:30,Kunal,Male,Computer Engineering,Second Year,8.32,0,8.16,0,7.41,0.0,7.6,0.0,7.5,0,8.9,0.0,7.2,0,5.6,0,0,3,3,1,0,2,1,1,0,0,0,Respectful to Authority and Others,1,1,0,7.5862500000000015
98,98,2018/02/15 8:36:38 AM GMT+5:30,Vrushabh urkunde,Male,Electronics And Telecommunication Engineering,Second Year,8.3,0,8.96,0,8.0,0.0,7.6,0.0,6.2,0,8.6,0.0,5.6,0,9.0,0,0,3,1,1,0,3,1,1,1,0,0,Good but can be better,1,1,0,7.7825000000000015
99,99,2018/02/15 9:06:27 AM GMT+5:30,Palve Priyanka ,Female,Computer Engineering,Second Year,7.89,1,8.35,2,6.3,1.0,5.9,0.0,8.3,0,7.4,,7.93,0,9.0,0,0,3,1,1,0,2,1,0,1,0,0,Respectful to Authority and Others,1,1,0,7.633749999999999
100,100,2018/02/15 9:12:35 AM GMT+5:30,Anagha,Female,Electronics And Telecommunication Engineering,Second Year,9.21,1,8.35,0,6.7,2.0,8.1,0.0,8.13,0,6.15,0.0,7.1,0,8.0,0,0,3,2,1,0,3,0,1,1,1,0,Excellent performance,0,1,0,7.7175
101,101,2018/02/15 9:22:59 AM GMT+5:30,Anagha,Female,Electronics And Telecommunication Engineering,Second Year,9.16,1,8.35,0,8.27,2.0,7.2,0.0,8.6,0,8.2,0.0,9.4,0,7.5,0,0,3,2,1,0,3,0,1,1,1,0,Disciplined and hard working,0,1,0,8.335
102,102,2018/02/15 9:31:38 AM GMT+5:30,Aishwarya Gailwad,Female,Computer Engineering,Second Year,8.3,0,8.12,0,9.35,0.0,7.3,0.0,9.5,0,8.33,0.0,9.0,0,8.1,1,0,3,3,1,0,3,1,0,0,1,1,Eagerness to Learn,1,1,1,8.5
103,103,2018/02/15 10:41:42 AM GMT+5:30,Snehal Sanjay Giri ,Female,Computer Engineering,Second Year,8.0,0,8.56,0,7.22,0.0,7.6,0.0,8.2,0,6.9,0.0,9.34,0,6.0,0,0,3,1,1,0,3,1,1,0,0,0,Solid Social and Emotional Skills,1,1,0,7.727499999999999
104,104,2018/02/15 10:44:38 AM GMT+5:30,Akshata,Female,Mechanical Engineering,Second Year,9.58,0,9.46,0,8.2,0.0,7.1,0.0,7.8,0,6.3,0.0,7.2,0,7.9,0,1,3,1,1,0,3,1,1,1,1,0,Eagerness to Learn,0,1,0,7.942499999999999
105,105,2018/02/15 11:51:14 AM GMT+5:30,Rishita Jaiswal,Female,Electronics And Telecommunication Engineering,First Year,9.05,0,6.3,0,7.41,0.0,7.6,0.0,9.2,0,6.1,,6.1,0,6.8,0,0,3,2,1,0,2,0,1,1,0,0,Willingness to Put Forth Effort,1,1,0,7.32
106,106,2018/02/15 11:51:16 AM GMT+5:30,Sakshi Rathi,Female,Electronics And Telecommunication Engineering,First Year,8.71,0,6.8,0,8.0,0.0,8.0,0.0,7.6,0,7.6,0.0,6.15,0,6.8,0,0,2,3,1,0,3,0,1,1,0,0,Good leadership skills,1,1,0,7.4575
107,107,2018/02/15 11:51:57 AM GMT+5:30,Pragya Korpal ,Female,Information Technology,First Year,9.0,0,7.02,0,7.41,0.0,8.1,0.0,6.2,0,7.7,0.0,8.3,0,6.5,1,1,3,2,1,0,3,0,1,1,1,0,Respectful to Authority and Others,1,1,0,7.52875
108,108,2018/02/15 12:04:29 PM GMT+5:30,Atharva Shahane,Male,Computer Engineering,Second Year,8.19,0,8.5,0,8.26,0.0,8.3,0.0,8.5,0,7.4,0.0,6.0,0,7.0,0,1,3,2,1,0,3,0,1,0,1,0,Responsible,0,1,1,7.76875
109,109,2018/02/15 1:35:25 PM GMT+5:30,Nupoor Rajendra Maujkar,Female,Electronics Engineering,First Year,8.14,0,7.0,0,7.6,0.0,8.2,0.0,7.83,0,5.9,,7.3,0,8.4,1,0,3,1,1,0,3,0,1,0,1,0,Eagerness to Learn,1,1,0,7.54625
110,110,2018/02/15 2:20:26 PM GMT+5:30,Pradumna,Male,Information Technology,Second Year,6.67,0,5.8,2,6.2,0.0,6.3,0.0,7.6,0,6.9,0.0,6.3,0,7.6,0,0,3,5,1,0,1,1,1,0,1,0,Good but can be better,1,1,0,6.67125
111,111,2018/02/15 7:33:34 PM GMT+5:30,Shruti Bansod,Female,Electronics And Telecommunication Engineering,First Year,8.19,0,9.24,0,7.1,,8.1,0.0,8.67,0,6.0,0.0,6.2,0,5.9,0,1,3,2,1,0,3,1,1,1,1,0,Solid Social and Emotional Skills,1,1,0,7.425000000000002
112,112,2018/02/15 7:49:29 PM GMT+5:30,Melvin Varghese,Male,Electronics Engineering,Second Year,8.14,2,7.2,1,7.6,1.0,6.3,0.0,6.7,0,6.2,0.0,6.8,0,9.8,0,0,2,2,1,0,1,0,1,1,1,0,Eagerness to Learn,1,1,1,7.3424999999999985
113,113,2018/02/15 9:13:04 PM GMT+5:30,Prajwal Poojary,Male,Automobile Engineering,Second Year,6.67,1,8.41,2,8.0,1.0,6.2,0.0,7.5,0,8.6,0.0,8.0,0,7.1,0,0,2,2,1,0,1,0,0,0,1,0,Excellent performance,1,1,0,7.56
114,114,2018/02/15 10:58:42 PM GMT+5:30,Tanvi Chavan,Female,Computer Engineering,Fourth Year,8.19,0,9.04,0,8.1,0.0,8.5,0.0,7.14,0,5.9,0.0,6.95,0,6.3,0,0,1,4,1,0,1,1,0,0,0,0,Disciplined and hard working,1,1,1,7.515
115,115,2018/02/15 11:38:51 PM GMT+5:30,Suyash Subodh Mandloi,Male,Mechatronics Engineering,Second Year,,0,9.24,0,6.15,0.0,9.0,0.0,5.9,0,7.5,,8.2,0,6.2,1,0,3,3,0,0,1,0,0,0,1,0,Self-Motivated,0,1,0,
116,116,2018/02/16 10:44:51 AM GMT+5:30,Jaineel Shah,Male,Mechanical Engineering,First Year,8.1,0,7.2,0,,,8.2,0.0,7.2,0,6.2,0.0,6.7,0,6.7,0,1,3,1,1,0,3,1,1,1,1,0,Respectful to Authority and Others,1,1,1,
117,117,2018/02/16 1:55:57 PM GMT+5:30,Minal Chudasama,Female,Information Technology,Second Year,,0,8.41,0,6.04,0.0,6.2,0.0,6.3,0,6.09,0.0,6.7,0,6.5,1,0,2,3,1,0,1,0,1,0,1,1,Willingness to Put Forth Effort,1,1,0,
118,118,2018/02/17 9:17:18 AM GMT+5:30,Garima Yogesh Shukla,Female,Computer Engineering,Fourth Year,6.91,0,9.04,0,7.8,0.0,7.39,0.0,6.0,0,6.7,0.0,7.7,0,5.6,0,0,3,3,1,0,3,0,1,1,1,0,Excellent performance,0,1,1,7.142500000000001
119,119,2018/02/17 12:15:10 PM GMT+5:30,Kaustubh Nitin Deshmukh,Male,Mechanical Engineering,Second Year,7.2,0,8.43,0,6.43,0.0,6.5,0.0,7.3,0,8.4,0.0,8.1,0,8.9,0,1,2,5,1,0,2,0,0,0,0,0,Self-Motivated,1,1,0,7.6575
120,120,2018/02/19 4:24:13 PM GMT+5:30,James bond,Male,Information Technology,Second Year,8.2,0,7.9,0,9.3,0.0,9.0,0.0,8.1,0,6.7,0.0,7.2,0,7.3,0,0,1,3,1,0,1,0,0,0,0,0,Solid Social and Emotional Skills,1,1,0,7.962500000000001
121,121,2018/02/20 10:06:48 PM GMT+5:30,Rohail,Male,Computer Engineering,Second Year,8.2,0,6.2,0,6.8,0.0,7.2,0.0,6.1,0,8.1,0.0,6.8,0,6.5,0,0,3,3,1,0,3,0,1,0,0,1,Self-Motivated,1,1,1,6.9875
122,122,2018/02/20 10:07:06 PM GMT+5:30,Amaan Hakim,Male,Computer Engineering,Third Year,6.6,0,8.1,0,7.5,0.0,6.8,0.0,6.3,0,6.6,0.0,8.3,0,6.8,0,0,1,5,1,0,1,0,0,0,1,0,Solid Social and Emotional Skills,1,1,0,7.125
123,123,2018/02/20 10:11:08 PM GMT+5:30,Khan Arbaz,Male,Computer Engineering,Second Year,6.6,2,6.1,2,5.9,1.0,6.2,0.0,6.9,0,6.0,0.0,8.5,0,5.6,0,1,3,2,1,0,1,0,1,0,1,0,Excellent performance,1,1,1,6.4750000000000005
124,124,2018/02/20 10:12:45 PM GMT+5:30,Rohan,Male,Computer Engineering,Second Year,8.43,0,6.3,0,5.5,0.0,8.1,0.0,8.6,0,6.8,0.0,7.2,0,5.2,1,0,3,2,1,0,1,0,1,0,1,0,Good leadership skills,1,1,1,7.01625
125,125,2018/02/20 10:26:54 PM GMT+5:30,Ruturaj Atre,Male,Information Technology,Second Year,6.91,1,6.6,2,5.82,1.0,6.1,0.0,7.71,0,6.7,0.0,6.2,0,6.0,1,0,2,4,1,0,1,0,1,0,1,0,Respectful to Authority and Others,0,1,0,6.505000000000001
126,126,2018/02/20 11:05:19 PM GMT+5:30,Tooba Kausar,Female,Computer Engineering,Second Year,7.2,1,8.43,1,8.88,1.0,6.3,0.0,5.9,0,8.0,0.0,9.8,0,6.9,0,0,3,2,1,0,2,0,1,0,1,0,Eagerness to Learn,1,1,1,7.67625
127,127,2018/02/21 12:03:06 AM GMT+5:30,Jayant uthale,Male,Information Technology,Second Year,8.2,0,5.73,2,6.3,2.0,6.2,0.0,8.9,0,7.6,0.0,7.1,0,5.9,0,1,2,2,1,0,1,1,1,1,1,0,Good but can be better,0,1,0,6.99125
128,128,2018/02/21 1:50:36 AM GMT+5:30,Natasha,Female,Computer Engineering,Second Year,6.6,0,9.13,0,6.54,0.0,6.7,0.0,8.6,0,9.14,0.0,8.0,0,8.1,1,0,3,4,1,0,3,0,1,0,1,1,Willingness to Put Forth Effort,0,1,0,7.85125
129,129,2018/02/21 3:36:08 PM GMT+5:30,Zarrin,Female,Information Technology,Second Year,8.43,1,6.2,2,6.8,1.0,6.5,0.0,7.4,0,8.12,0.0,8.9,0,6.6,0,0,3,2,1,0,1,1,1,0,0,1,Eagerness to Learn,1,1,0,7.368749999999999
130,130,2018/02/21 9:32:11 PM GMT+5:30,siddharth Abhijeet Tulpule.,Male,Information Technology,Second Year,5.5,0,5.73,0,7.5,0.0,5.6,0.0,6.15,0,6.8,0.0,6.8,0,6.0,0,0,3,4,1,0,3,1,0,0,0,1,Disciplined and hard working,0,1,0,6.259999999999999
131,131,2018/02/21 11:10:02 PM GMT+5:30,Dyanesh Sarawate.,Male,Electronics Engineering,Second Year,9.21,0,9.13,0,5.9,0.0,8.9,0.0,8.2,0,6.7,0.0,8.3,0,6.8,0,1,3,1,1,0,1,1,1,1,1,0,Solid Social and Emotional Skills,1,1,1,7.8925
132,132,2018/02/21 11:12:53 PM GMT+5:30,Shubham Ramesh Patil.,Male,Mechanical Engineering,First Year,7.2,0,6.2,0,5.5,0.0,7.3,0.0,5.5,0,7.6,0.0,7.4,0,6.7,0,1,2,1,1,0,1,1,1,1,1,1,Self-Motivated,1,1,0,6.675
133,133,2018/02/21 11:19:24 PM GMT+5:30,Yash Ramesh Mhatre.,Male,Electronics And Telecommunication Engineering,First Year,6.67,0,7.19,0,6.54,0.0,6.5,0.0,6.8,0,7.2,0.0,6.15,0,7.2,0,0,3,3,1,0,2,1,0,0,0,1,Respectful to Authority and Others,0,1,0,6.78125
134,134,2018/02/21 11:21:46 PM GMT+5:30,Karan Ramesh Mhatre.,Male,Automobile Engineering,First Year,5.93,0,5.2,0,5.4,0.0,6.8,0.0,7.5,0,6.3,0.0,8.2,0,6.3,0,0,2,4,1,0,3,1,1,0,0,0,Responsible,1,1,0,6.4537499999999985
135,135,2018/02/28 10:15:50 PM GMT+5:30,Riddhi k sonkar,Female,Information Technology,Second Year,6.2,1,6.2,1,6.3,2.0,5.6,0.0,5.9,0,6.0,0.0,6.8,0,6.0,0,0,2,2,1,0,1,0,1,1,1,0,Solid Social and Emotional Skills,0,1,0,6.124999999999999
136,136,2018/02/28 10:20:02 PM GMT+5:30,Akhil kumar,Male,Information Technology,Second Year,7.4,2,5.8,2,5.9,1.0,5.2,0.0,5.5,0,7.3,0.0,5.2,0,7.3,0,0,3,4,1,0,3,0,1,0,0,0,Willingness to Put Forth Effort,1,1,0,6.2
137,137,2018/02/28 10:23:22 PM GMT+5:30,Patel Umar Faiz,Male,Information Technology,Second Year,7.5,0,6.2,0,6.3,1.0,6.0,0.0,6.8,0,5.9,0.0,6.5,0,6.4,0,0,1,2,1,0,1,1,1,0,0,1,Good leadership skills,1,1,1,6.449999999999998
138,138,2018/02/28 10:30:28 PM GMT+5:30,Kumudini,Female,Computer Engineering,Second Year,8.89,0,7.19,0,6.54,0.0,6.9,0.0,7.5,0,7.5,0.0,7.1,0,7.0,0,0,3,3,1,0,3,1,0,1,0,0,Excellent performance,0,1,0,7.3275000000000015
139,139,2018/02/28 10:32:36 PM GMT+5:30,Pranjali gharat ,Female,Electronics And Telecommunication Engineering,Second Year,6.1,2,5.2,1,5.4,1.0,5.9,0.0,5.9,0,6.0,0.0,6.2,0,6.2,0,0,2,3,1,0,2,1,1,0,1,0,Solid Social and Emotional Skills,1,1,0,5.862500000000002
140,140,2018/02/28 10:43:51 PM GMT+5:30,anchita lokhande,Female,Computer Engineering,Second Year,6.1,0,6.2,0,6.35,0.0,6.5,0.0,6.5,0,6.8,0.0,6.4,0,6.7,1,0,2,4,1,0,1,1,1,1,1,1,Eagerness to Learn,0,1,0,6.44375
141,141,2018/02/28 11:58:58 PM GMT+5:30,DEEPIKA DEEPAK PATIL ,Female,Computer Engineering,Second Year,6.89,0,6.8,2,6.2,2.0,6.9,0.0,6.3,0,6.7,0.0,6.4,0,6.8,1,1,2,2,1,0,2,1,1,1,0,0,Solid Social and Emotional Skills,1,1,0,6.6237499999999985
142,142,2018/03/01 12:36:39 AM GMT+5:30,Pradnya Bhoir,Female,Information Technology,Fourth Year,6.98,0,7.2,0,7.4,0.0,7.6,0.0,7.3,0,8.0,0.0,7.9,0,7.8,1,0,2,3,1,0,2,0,1,0,1,0,Responsible,0,1,0,7.522499999999999
143,143,2018/03/01 7:24:34 AM GMT+5:30,Mandar Patil,Male,Computer Engineering,Second Year,7.22,0,7.04,0,7.5,0.0,7.0,0.0,7.1,0,7.6,0.0,7.1,0,7.4,0,0,3,2,1,0,2,0,1,0,1,0,Solid Social and Emotional Skills,0,1,0,7.245
144,144,2018/03/01 9:03:17 PM GMT+5:30,Yadav Shweta Devram,Female,Computer Engineering,Fourth Year,8.67,0,8.56,0,8.89,0.0,9.52,0.0,9.14,0,9.14,0.0,9.36,0,9.5,0,0,2,1,1,0,1,0,1,1,1,0,Willingness to Put Forth Effort,0,1,0,9.0975
145,145,2018/03/01 9:06:51 PM GMT+5:30,Nishchal,Male,Computer Engineering,Fourth Year,7.04,0,7.85,0,6.32,0.0,6.68,0.0,7.12,0,8.12,0.0,7.28,0,7.9,0,0,2,3,1,0,1,0,0,1,1,0,Excellent performance,1,1,0,7.2887499999999985
146,146,2018/03/01 9:26:02 PM GMT+5:30,Aniket dabde,Male,Computer Engineering,Third Year,6.3,0,6.2,0,6.8,0.0,6.7,0.0,6.2,0,6.8,0.0,6.5,0,6.1,0,0,2,2,1,0,1,1,1,0,0,0,Good but can be better,0,1,1,6.45
147,147,2018/03/01 9:39:56 PM GMT+5:30,Kunal vijay thakur,Male,Information Technology,Second Year,6.0,1,5.9,2,5.8,1.0,5.9,0.0,6.0,0,6.1,0.0,6.2,0,6.4,0,1,3,2,1,0,3,1,1,1,1,0,Good leadership skills,0,1,1,6.0375000000000005
148,148,2018/03/01 9:59:00 PM GMT+5:30,Komal Bisht ,Female,Information Technology,Third Year,7.07,0,7.81,0,7.11,0.0,7.32,0.0,7.19,0,7.3,0.0,7.2,0,7.1,0,0,3,2,1,0,1,1,1,1,1,0,Solid Social and Emotional Skills,0,1,1,7.2625
149,149,2018/03/01 9:59:32 PM GMT+5:30,Riya Jadhav,Female,Information Technology,Third Year,6.67,0,6.69,0,6.86,0.0,7.67,0.0,7.35,0,7.5,0.0,7.6,0,7.5,0,0,2,3,1,0,1,0,1,1,1,0,Respectful to Authority and Others,0,1,0,7.23
150,150,2018/03/01 10:08:10 PM GMT+5:30,Deepansh Chatutvedi,Male,Information Technology,Third Year,4.93,0,5.97,0,5.83,0.0,6.43,0.0,6.27,0,6.7,0.0,6.5,0,6.3,1,0,3,4,1,0,1,1,0,1,1,0,Solid Social and Emotional Skills,1,1,0,6.116249999999999
151,151,2018/03/01 10:11:24 PM GMT+5:30,Voval Jain,Male,Information Technology,Third Year,8.54,0,7.31,0,6.54,0.0,8.04,0.0,7.73,0,7.6,0.0,7.2,0,7.1,0,0,2,3,1,0,1,1,1,1,0,0,Willingness to Put Forth Effort,0,1,0,7.5075
152,152,2018/03/01 10:33:00 PM GMT+5:30,Hariharan V,Male,Information Technology,Third Year,5.8,0,6.15,0,6.09,0.0,6.0,0.0,7.5,0,7.2,0.0,7.1,0,7.6,1,1,3,3,1,0,1,1,1,1,0,0,Respectful to Authority and Others,0,1,0,6.6800000000000015
153,153,2018/03/01 10:33:05 PM GMT+5:30,Akanksha Pandey ,Female,Information Technology,Third Year,6.2,0,6.23,0,5.9,0.0,5.7,0.0,6.5,0,6.3,0.0,6.1,0,5.3,0,0,1,1,1,0,1,1,1,1,1,0,Disciplined and hard working,1,1,0,6.02875
154,154,2018/03/01 10:33:14 PM GMT+5:30,Darshana Nair,Female,Information Technology,Third Year,5.6,0,6.08,0,4.89,0.0,5.41,0.0,6.88,0,6.0,0.0,6.2,0,6.15,1,0,2,3,1,0,1,0,1,1,0,0,Excellent performance,0,1,0,5.90125
155,155,2018/03/01 10:35:24 PM GMT+5:30,Ashish Panda,Male,Information Technology,Third Year,6.53,0,6.81,0,7.14,0.0,7.86,0.0,7.77,0,7.3,0.0,8.0,0,8.1,0,0,2,3,1,0,2,0,1,1,0,0,Good but can be better,1,1,0,7.43875
156,156,2018/03/01 11:32:23 PM GMT+5:30,Zeel Rajput,Female,Computer Engineering,Third Year,5.57,0,5.69,0,5.02,0.0,5.9,2.0,5.96,0,6.0,0.0,6.1,0,6.3,0,0,3,4,1,0,1,1,1,1,0,0,Respectful to Authority and Others,0,1,0,5.8175
157,157,2018/03/02 12:02:16 AM GMT+5:30,Devesh singh,Male,Electronics And Telecommunication Engineering,Fourth Year,6.9,0,6.5,0,6.7,0.0,6.2,0.0,6.9,0,6.4,0.0,7.1,0,7.2,0,0,2,3,1,0,1,0,0,0,0,0,Good but can be better,0,1,0,6.737500000000002
158,158,2018/03/02 12:59:06 AM GMT+5:30,Shrayesh Kanade,Male,Information Technology,Third Year,8.15,0,8.3,0,9.07,0.0,8.93,0.0,8.88,0,8.7,0.0,8.6,0,8.9,0,0,2,3,1,0,1,1,1,0,1,0,Willingness to Put Forth Effort,0,1,0,8.69125
159,159,2018/03/02 10:05:50 AM GMT+5:30,Prafulla Jagdish Mhatre,Male,Information Technology,Third Year,7.44,0,7.41,0,8.32,0.0,8.29,0.0,8.92,0,8.2,0.0,8.8,0,8.5,0,0,2,2,1,0,2,0,0,0,1,0,Responsible,0,1,0,8.235
160,160,2018/03/02 2:40:46 PM GMT+5:30,Kalpaj Chaudhari,Male,Computer Engineering,Third Year,6.95,0,7.67,0,6.25,0.0,6.92,0.0,6.9,0,6.5,0.0,6.4,0,7.0,1,0,3,5,1,0,3,0,0,0,0,0,Excellent performance,1,1,0,6.82375
161,161,2018/03/04 10:06:10 PM GMT+5:30,Raza,Male,Information Technology,Second Year,6.1,0,6.09,0,6.0,0.0,6.1,0.0,6.2,0,6.24,0.0,6.3,0,6.8,0,0,3,3,1,0,3,1,1,0,1,0,Good leadership skills,0,1,0,6.228749999999999
162,162,,,,,,4.0,2,4.5,2,4.6,1.0,4.8,1.0,4.76,0,4.98,0.0,4.76,0,3.86,0,0,1,4,1,0,1,0,1,0,0,0,Not attentive,0,0,0,4.5325
163,163,,,,,,4.9,2,4.8,2,4.2,1.0,4.6,1.0,4.23,0,4.97,0.0,4.37,0,4.56,0,0,2,5,1,0,1,0,1,0,0,0,Does not follow my lecture,0,0,0,4.57875
164,164,,,,,,4.7,1,4.73,1,4.32,2.0,4.55,2.0,4.45,0,4.45,0.0,4.13,0,3.63,0,0,3,5,1,0,3,0,1,0,0,0,Very talkative,0,0,0,4.37
165,165,,,,,,4.33,1,4.82,2,4.67,2.0,4.9,1.0,4.44,0,4.24,0.0,4.76,0,3.9,0,0,3,3,1,0,1,0,0,0,0,1,Needs improvement,0,0,0,4.5074999999999985
166,166,,,,,,4.89,2,4.72,2,4.61,2.0,4.58,0.0,4.9,0,4.65,0.0,4.23,0,3.99,0,0,2,5,1,0,1,0,1,0,0,0,Poor attendance,0,0,0,4.57125
167,167,,,,,,4.25,1,4.8,3,4.65,2.0,4.85,0.0,4.87,0,4.64,0.0,4.74,0,4.13,0,0,3,5,1,0,1,0,1,0,0,1,Lagging Behind,0,0,0,4.616250000000001
168,168,,,,,,4.87,2,4.54,3,4.56,1.0,4.32,0.0,4.78,0,4.88,0.0,3.78,0,4.63,0,0,1,3,1,0,1,0,0,0,0,1,Disappointed performance,0,0,0,4.545
169,169,,,,,,4.32,1,4.89,1,4.98,1.0,4.25,2.0,4.56,1,4.11,0.0,4.8,0,4.78,0,0,3,5,1,0,1,0,1,0,0,0,Poor attendance,0,0,0,4.58625
170,170,,,,,,4.64,1,4.44,2,4.72,2.0,4.35,1.0,4.97,0,4.44,0.0,4.54,0,3.87,0,0,2,5,1,0,1,0,0,0,0,0,Argues with teacher,0,0,0,4.49625
171,171,,,,,,4.24,1,4.58,1,4.65,2.0,4.87,1.0,4.34,0,4.42,0.0,4.89,0,3.13,0,0,2,4,1,0,2,0,0,0,0,0,Bunk lectuer,0,0,0,4.3900000000000015
172,172,,,,,,4.54,2,4.78,1,4.32,1.0,4.23,1.0,4.88,0,4.54,0.0,4.44,0,3.65,0,0,3,5,1,0,3,0,1,0,0,0,Poor attendance,0,0,0,4.4225
173,173,,,,,,4.69,2,4.25,2,4.65,1.0,4.48,1.0,4.62,0,4.09,0.0,4.58,0,3.89,0,0,3,3,1,0,1,0,1,0,0,0,Always late,0,0,0,4.40625
174,174,,,,,,4.97,1,4.87,2,4.15,1.0,4.0,1.0,4.13,0,4.16,0.0,4.78,0,4.44,0,0,2,5,1,0,1,0,0,0,0,0,Does not follow my lecture,0,0,0,4.4375
175,175,,,,,,4.78,2,4.65,2,4.61,1.0,4.21,1.0,4.27,0,4.66,0.0,4.25,0,4.8,0,0,2,4,1,0,1,0,1,0,0,0,Always late and Does not follow my lecture,0,0,0,4.52875
176,176,,,,,,4.79,1,4.59,1,4.67,2.0,4.12,2.0,4.28,0,4.29,0.0,4.87,0,4.32,0,0,2,5,1,0,3,0,1,0,0,0,Disappointed performance,0,0,0,4.49125
177,177,,,,,,4.85,1,4.95,1,4.67,2.0,4.37,1.0,4.11,0,4.36,0.0,4.65,0,3.56,0,0,3,5,1,0,1,0,0,0,0,0,Needs improvement,0,0,0,4.44
178,178,,,,,,4.64,1,4.21,1,4.31,1.0,4.19,1.0,4.65,0,4.6,0.0,4.59,0,3.78,0,0,2,5,1,0,3,0,1,0,0,0,Does not follow my lecture and Very talkative,0,0,0,4.37125
179,179,,,,,,4.97,2,4.95,1,4.87,1.0,4.85,2.0,3.86,0,4.61,0.0,3.76,0,4.82,0,0,2,5,1,0,1,0,1,0,0,0,Always late and Does not follow my lecture,0,0,0,4.58625
180,180,,,,,,4.27,1,4.19,1,4.17,1.0,4.27,3.0,4.56,0,4.67,0.0,4.89,0,4.72,0,0,2,5,1,0,1,0,1,0,0,1,Not attentive,0,0,0,4.4674999999999985
181,181,,,,,,4.66,4,4.68,1,4.28,1.0,4.27,0.0,3.63,0,4.67,0.0,3.11,0,4.8,0,0,3,5,1,0,1,0,1,0,0,0,Very talkative and Poor attendance,0,0,0,4.262499999999998
182,182,,,,,,4.78,1,4.67,2,4.15,2.0,4.28,1.0,3.9,0,4.31,0.0,3.98,0,4.54,0,0,3,5,1,0,3,0,1,0,0,0,Argues with teacher,0,0,0,4.32625
183,183,,,,,,4.34,1,4.98,2,4.19,1.0,4.28,2.0,3.99,0,4.87,0.0,4.93,0,4.89,0,0,2,5,1,0,1,0,1,0,0,0,Very talkative,0,0,0,4.55875
184,184,,,,,,3.6,1,3.95,2,4.25,1.0,3.94,2.0,4.13,0,4.17,0.0,3.67,0,4.44,0,0,3,5,1,0,2,0,1,0,0,0,Does not follow my lecture and Very talkative,0,0,0,4.01875
185,185,,,,,,4.2,2,3.8,1,4.7,2.0,3.8,1.0,4.63,0,4.28,0.0,3.54,0,4.58,0,0,2,5,1,0,1,0,1,0,0,0,Not attentive,0,0,0,4.19125
186,186,,,,,,3.8,1,3.9,2,4.6,1.0,3.9,2.0,4.78,0,4.15,0.0,4.7,0,4.78,0,0,3,5,1,0,1,0,1,0,0,0,Lagging Behind,0,0,0,4.32625
187,187,,,,,,3.6,1,3.7,1,4.1,1.0,3.4,3.0,3.87,0,4.19,0.0,4.78,0,4.25,0,0,2,5,1,0,2,0,0,0,0,0,Lagging Behind,0,0,0,3.986250000000001
188,188,,,,,,3.9,2,3.4,2,4.2,2.0,3.7,0.0,3.13,0,4.25,0.0,3.77,0,4.87,0,0,3,4,1,0,1,0,1,0,0,0,Does not follow my lecture and Very talkative,0,0,0,3.9025
189,189,,,,,,3.6,1,3.5,1,4.2,2.0,4.1,2.0,3.65,0,4.7,0.0,3.13,0,4.65,0,0,3,5,1,0,1,0,1,0,0,0,Needs improvement,0,0,0,3.94125
190,190,,,,,,4.0,3,3.9,2,3.4,1.0,3.8,0.0,3.89,0,4.6,0.0,3.73,0,4.59,0,0,3,5,1,0,1,0,1,0,0,0,Argues with teacher,0,0,0,3.988750000000001
191,191,,,,,,3.7,2,4.2,1,3.9,1.0,4.2,2.0,4.44,0,4.1,0.0,3.54,0,4.95,0,0,3,5,1,0,3,0,1,0,0,0,Disappointed performance,0,0,0,4.12875
192,192,,,,,,3.8,1,3.7,3,3.3,2.0,3.2,0.0,4.8,0,4.2,0.0,3.57,0,4.21,0,0,2,4,1,0,1,0,0,0,0,0,Needs improvement,0,0,0,3.8475
193,193,,,,,,4.2,3,3.8,2,3.4,1.0,3.7,0.0,4.32,0,4.2,0.0,4.64,0,4.95,0,0,3,5,1,0,1,0,0,0,0,0,Does not follow my lecture,0,0,0,4.15125
194,194,,,,,,4.7,1,3.5,3,3.7,2.0,4.1,,3.56,0,3.4,0.0,4.89,0,4.19,0,0,2,5,1,0,1,0,1,0,0,0,Always late and Does not follow my lecture,0,0,0,4.005
195,195,,,,,,3.25,2,3.7,2,4.2,1.0,4.13,1.0,3.78,0,3.9,0.0,4.68,0,4.68,0,0,2,5,1,0,2,0,1,0,0,0,Very talkative,0,0,0,4.04
196,196,,,,,,3.7,1,3.8,2,4.2,2.0,4.1,1.0,3.45,0,3.3,0.0,4.9,0,3.25,0,0,3,5,1,0,3,0,1,0,0,0,Bunk lectuer,0,0,0,3.8375
197,197,,,,,,3.5,2,4.1,1,3.9,1.0,3.7,2.0,3.69,0,3.4,0.0,3.9,0,4.2,0,0,1,5,1,0,2,0,0,0,0,0,Always late and Does not follow my lecture,0,0,0,3.79875
198,198,,,,,,4.3,1,3.6,1,3.3,2.0,4.1,2.0,4.89,0,4.2,0.0,4.2,0,4.8,0,0,3,5,1,0,1,0,1,0,0,0,Not attentive,0,0,0,4.173749999999999
199,199,,,,,,3.9,2,3.4,1,4.2,2.0,4.1,1.0,4.52,0,4.2,0.0,3.7,0,4.5,0,0,2,5,1,0,1,0,1,0,0,0,Always late and Does not follow my lecture,0,0,0,4.065
200,200,,,,,,3.7,2,4.1,2,4.3,2.0,3.5,2.0,4.36,0,3.4,0.0,3.8,0,4.2,0,0,2,3,1,0,2,0,0,0,0,0,Needs improvement,0,0,0,3.92
201,201,,,,,,4.1,1,3.5,1,3.6,2.0,3.7,2.0,3.25,0,3.9,0.0,3.5,0,3.65,0,0,1,5,1,0,1,0,1,0,0,0,Does not follow my lecture and Very talkative,0,0,0,3.65
202,202,,,,,,3.5,1,3.4,2,4.0,2.0,4.1,2.0,3.63,0,3.3,0.0,3.7,0,4.89,0,0,3,5,1,0,1,0,0,0,0,0,Bunk lectuer,0,0,0,3.815
203,203,,,,,,3.8,1,4.1,2,3.6,2.0,4.2,1.0,4.25,0,3.4,0.0,3.8,0,4.7,0,0,2,5,1,0,1,0,1,0,0,0,Always late and Does not follow my lecture,0,0,0,3.98125
204,204,,,,,,3.8,2,4.1,1,3.72,1.0,4.2,2.0,3.02,0,3.7,0.0,4.1,0,4.2,0,0,1,3,1,0,1,0,1,0,0,0,Argues with teacher,0,0,0,3.855
205,205,,,,,,4.2,1,3.9,1,3.5,2.0,3.6,2.0,4.01,0,4.2,0.0,3.6,0,4.11,0,0,3,5,1,0,1,0,1,0,0,0,Very talkative and Poor attendance,0,0,0,3.89
206,206,,,,,,4.9,4,3.95,1,4.1,2.0,3.7,1.0,3.06,0,4.2,0.0,3.06,0,4.21,0,0,2,5,1,0,1,0,1,0,0,0,Disappointed performance,0,0,0,3.8975
207,207,,,,,,3.7,1,3.4,1,3.9,1.0,3.2,1.0,4.25,0,3.9,0.0,4.25,0,3.0,0,0,3,5,1,0,1,0,1,0,0,0,Argues with teacher and Bunk lectuer,0,0,0,3.7
208,208,,,,,,4.1,1,4.3,1,3.9,1.0,3.75,1.0,4.12,0,3.3,0.0,4.12,0,4.12,0,0,3,5,1,0,3,0,1,0,0,0,Bunk lectuer,0,0,0,3.96375
209,209,,,,,,4.2,1,4.6,1,3.8,1.0,3.1,1.0,4.56,0,4.2,0.0,4.56,0,3.7,0,0,2,4,1,0,1,0,0,0,0,0,Does not follow my lecture,0,0,0,4.09
210,210,,,,,,4.16,2,3.8,2,3.7,1.0,4.5,1.0,4.89,0,4.3,0.0,4.89,0,3.9,0,0,3,5,1,0,3,0,1,0,0,0,Argues with teacher and Bunk lectuer,0,0,0,4.2675
211,211,,,,,,4.2,1,4.1,2,3.6,1.0,3.4,1.0,4.74,0,3.6,0.0,4.74,0,4.02,0,0,2,5,1,0,1,0,1,0,0,0,Argues with teacher,0,0,0,4.050000000000002
212,212,,,,,,3.4,1,3.7,2,3.2,1.0,3.4,2.0,3.58,0,4.0,0.0,3.58,0,4.56,0,0,1,5,1,0,1,0,0,0,0,1,Poor attendance,0,0,0,3.6775
213,213,,,,,,3.9,2,3.5,1,4.1,2.0,4.2,2.0,4.99,0,3.6,0.0,4.99,0,4.8,0,0,2,5,1,0,1,0,1,0,0,0,Needs improvement,0,0,0,4.26
214,214,,,,,,3.8,1,4.2,2,4.6,2.0,3.5,2.0,4.74,0,3.72,0.0,4.74,0,4.12,0,0,3,3,1,0,1,0,0,0,0,0,Argues with teacher and Bunk lectuer,0,0,0,4.1775
215,215,,,,,,3.9,3,3.5,1,3.7,2.0,3.3,1.0,3.52,0,3.5,0.0,3.52,0,4.36,0,0,3,5,1,0,3,0,0,0,0,0,Needs improvement,0,0,0,3.6625
216,216,,,,,,4.2,2,4.6,2,4.1,1.0,3.4,2.0,3.11,0,4.1,0.0,3.11,0,3.9,0,0,2,5,1,0,1,0,1,0,0,0,Needs improvement and Not attentive,0,0,0,3.815
217,217,,,,,,3.8,1,3.4,1,4.1,2.0,4.3,1.0,3.0,0,3.9,0.0,3.0,0,3.6,0,0,3,5,1,0,3,0,1,0,0,0,Argues with teacher and Bunk lectuer,0,0,0,3.6375
218,218,,,,,,4.4,3,4.2,2,3.6,1.0,3.1,2.0,3.98,0,3.9,0.0,3.98,0,3.54,0,0,1,5,1,0,3,0,0,0,0,0,Bunk lectuer,0,0,0,3.8375
219,219,,,,,,3.6,1,3.5,1,3.7,2.0,4.1,1.0,4.0,0,3.8,0.0,4.0,0,4.44,0,0,3,5,1,0,1,0,1,0,0,0,Argues with teacher,0,0,0,3.8925
220,220,,,,,,4.5,2,4.2,3,4.3,1.0,3.6,2.0,4.79,0,3.7,0.0,4.79,0,3.89,0,0,2,5,1,0,1,0,1,0,0,0,Not attentive,0,0,0,4.22125
221,221,,,,,,3.6,1,3.8,2,3.4,2.0,3.3,1.0,4.21,0,3.6,0.0,4.21,0,3.69,0,0,2,3,1,0,3,0,0,0,0,0,Needs improvement and Not attentive,0,0,0,3.7262500000000007
222,222,,,,,,4.2,2,4.3,3,4.7,1.0,3.1,3.0,4.36,0,3.2,0.0,4.36,0,3.45,0,0,3,5,1,0,1,0,1,0,0,0,Needs improvement and Not attentive,0,0,0,3.95875
223,223,,,,,,4.2,1,3.4,2,3.8,3.0,3.5,2.0,3.25,0,4.1,0.0,3.25,0,3.55,0,0,3,5,1,0,1,0,1,0,0,0,Disappointed performance,0,0,0,3.63125
224,224,,,,,,3.6,2,3.8,2,3.7,2.0,4.1,3.0,3.46,0,4.6,0.0,3.46,0,4.0,0,0,1,5,1,0,1,0,1,0,0,0,Lagging Behind,0,0,0,3.84
225,225,,,,,,3.8,2,3.6,1,3.4,3.0,3.7,2.0,3.45,0,4.25,9.0,3.45,0,4.01,0,0,2,5,1,0,1,0,1,0,0,0,Very talkative,0,0,0,3.7075
226,226,,,,,,4.0,1,4.2,1,4.3,2.0,3.7,2.0,3.46,0,3.59,0.0,3.46,0,4.99,0,0,3,4,1,0,1,0,1,0,0,1,Bunk lectuer,0,0,0,3.9625
227,227,,,,,,3.9,3,3.4,2,4.1,2.0,4.3,1.0,3.78,0,3.58,0.0,3.78,0,4.02,0,0,2,5,1,0,1,0,1,0,0,0,Does not follow my lecture,0,0,0,3.8575
228,228,,,,,,4.5,2,3.9,2,4.6,1.0,3.6,1.0,4.69,0,3.41,0.0,4.69,0,4.6,0,0,1,5,1,0,2,0,1,0,0,0,Argues with teacher,0,0,0,4.24875
229,229,,,,,,4.3,1,4.6,1,3.4,1.0,3.8,2.0,4.78,0,4.58,0.0,4.78,0,3.5,0,0,2,5,1,0,3,0,1,0,0,0,Argues with teacher and Bunk lectuer,0,0,0,4.2175
230,230,,,,,,4.1,3,3.2,1,3.6,2.0,3.4,2.0,4.2,0,4.69,0.0,4.2,0,4.78,0,0,3,5,1,0,1,0,1,0,0,0,Argues with teacher and Bunk lectuer,0,0,0,4.02125
231,231,,,,,,3.9,1,3.4,1,3.8,2.0,4.6,1.0,4.6,0,4.25,0.0,4.6,0,3.62,0,0,3,5,1,0,1,0,0,0,0,0,Argues with teacher,0,0,0,4.09625
232,232,,,,,,3.6,2,3.9,1,4.2,1.0,4.8,1.0,3.21,0,3.58,0.0,3.21,0,3.47,0,0,2,5,1,0,1,0,1,0,0,0,Very talkative and Poor attendance,0,0,0,3.74625
233,233,,,,,,3.5,1,4.2,1,4.9,1.0,4.7,1.0,3.87,0,4.12,0.0,4.3,0,3.21,0,0,1,5,1,0,3,0,1,0,0,0,Bunk lectuer,0,0,0,4.1000000000000005
234,234,,,,,,3.8,2,4.6,1,4.6,1.0,3.4,1.0,3.7,0,4.63,0.0,3.5,0,4.96,0,0,3,5,1,0,1,0,1,0,0,0,Needs improvement,0,0,0,4.14875
235,235,,,,,,3.7,1,4.9,2,3.7,1.0,3.5,1.0,4.9,0,4.12,0.0,3.4,0,3.68,0,0,3,3,1,0,3,0,1,0,0,0,Bunk lectuer,0,0,0,3.9875
236,236,,,,,,3.4,2,3.5,2,3.6,1.0,3.9,1.0,4.6,0,4.25,0.0,3.9,0,3.74,0,0,3,5,1,0,1,0,0,0,0,0,Argues with teacher,0,0,0,3.86125
237,237,,,,,,3.5,2,3.5,2,3.8,1.0,4.1,2.0,4.55,0,4.78,0.0,4.4,0,3.55,0,0,3,5,1,0,1,0,0,0,0,1,Argues with teacher and Bunk lectuer,0,0,0,4.0225
238,238,,,,,,4.8,1,4.6,1,3.4,2.0,4.9,2.0,4.9,0,4.63,0.0,4.8,0,3.22,0,0,2,5,1,0,1,0,1,0,0,0,Argues with teacher and Bunk lectuer,0,0,0,4.40625
239,239,,,,,,3.7,1,4.9,2,4.2,2.0,4.7,2.0,4.58,0,4.55,0.0,4.7,0,4.01,0,0,3,3,1,0,3,0,1,0,0,1,Needs improvement and Not attentive,0,0,0,4.4175
240,240,,,,,,4.6,1,3.5,1,4.6,2.0,3.9,1.0,4.85,0,3.66,0.0,3.5,0,3.01,0,0,2,5,1,0,1,0,1,0,0,1,Argues with teacher,0,0,0,3.9525
241,241,,,,,,4.1,2,4.1,2,4.1,1.0,3.4,2.0,4.32,0,3.85,0.0,3.8,0,4.9,0,0,3,5,1,0,2,0,0,0,0,0,Not attentive,0,0,0,4.07125
242,242,,,,,,3.2,1,3.9,1,3.8,2.0,3.5,1.0,4.25,0,4.58,0.0,4.2,0,4.09,0,0,3,5,1,0,1,0,1,0,0,0,Bunk lectuer,0,0,0,3.94
243,243,,,,,,3.8,4,4.2,2,4.2,1.0,3.8,2.0,4.35,0,3.89,0.0,3.7,0,4.53,0,0,3,4,1,0,1,0,1,0,0,0,Very talkative and Poor attendance,0,0,0,4.05875
244,244,,,,,,3.6,1,3.7,1,4.6,2.0,4.2,1.0,4.87,0,4.22,0.0,4.9,0,4.27,0,0,3,5,1,0,2,0,0,0,0,0,Argues with teacher and Bunk lectuer,0,0,0,4.295
245,245,,,,,,4.5,1,3.9,3,3.5,1.0,4.1,2.0,4.23,0,4.69,0.0,3.5,0,4.96,0,0,2,5,1,0,1,0,1,0,0,0,Poor attendance,0,0,0,4.1725
246,246,,,,,,4.2,1,4.2,2,3.5,2.0,4.4,1.0,4.48,0,3.48,0.0,4.1,0,3.25,0,0,3,5,1,0,1,0,0,0,0,0,Argues with teacher,0,0,0,3.95125
247,247,,,,,,4.1,2,4.6,3,4.2,1.0,4.8,3.0,4.0,0,3.09,0.0,3.5,0,3.8,0,0,2,5,1,0,1,0,1,0,0,0,Does not follow my lecture and Very talkative,0,0,0,4.01125
248,248,,,,,,3.2,1,3.8,2,4.6,3.0,3.6,2.0,4.21,0,3.07,0.0,4.7,0,4.2,0,0,2,3,0,0,3,0,1,0,0,0,Does not follow my lecture and Very talkative,0,0,0,3.9225
249,249,,,,,,3.9,1,3.7,2,4.4,2.0,4.5,3.0,4.12,0,4.59,0.0,3.5,0,4.9,0,0,3,5,1,0,1,0,1,0,0,0,Does not follow my lecture and Very talkative,0,0,0,4.20125
250,250,,,,,,3.4,2,4.2,1,4.7,3.0,4.2,2.0,4.37,0,4.06,0.0,4.2,0,4.6,0,0,1,5,1,0,1,0,1,0,0,0,Argues with teacher,0,0,0,4.21625
251,251,,,,,,4.6,1,3.7,1,3.8,2.0,3.1,2.0,4.19,0,3.29,0.0,3.7,0,3.7,0,0,3,5,0,0,1,0,1,0,0,0,Does not follow my lecture and Very talkative,0,0,0,3.76
252,252,,,,,,3.8,3,4.8,3,3.2,2.0,4.9,1.0,4.85,0,4.07,0.0,4.6,0,3.6,0,0,2,5,1,0,2,0,1,0,0,1,Does not follow my lecture,0,0,0,4.227500000000001
253,253,,,,,,3.4,2,3.5,2,4.6,1.0,3.5,1.0,4.27,0,4.88,0.0,3.8,0,3.8,0,0,2,5,1,0,3,0,0,0,0,0,Bunk lectuer,0,0,0,3.96875
254,254,,,,,,3.7,1,3.9,1,4.8,1.0,3.7,3.0,4.27,0,3.56,0.0,4.5,0,3.4,0,0,1,5,1,0,2,0,1,0,0,0,Does not follow my lecture and Very talkative,0,0,0,3.9787499999999993
255,255,,,,,,3.6,3,4.5,3,3.7,0.0,4.2,0.0,4.28,0,4.22,0.0,3.8,0,4.2,0,0,3,3,1,0,1,0,1,0,0,0,Disappointed performance,0,0,0,4.0625
256,256,,,,,,3.7,1,4.2,1,3.8,4.0,4.6,0.0,4.28,0,4.28,0.0,4.7,0,4.6,0,0,2,5,1,0,1,0,0,0,0,0,Argues with teacher,0,0,0,4.27
257,257,,,,,,4.2,2,3.2,2,3.5,2.0,3.8,0.0,3.94,0,3.97,0.0,4.9,0,4.1,0,0,1,5,1,0,2,0,1,0,0,0,Bunk lectuer,0,0,0,3.95125
258,258,,,,,,4.4,1,4.9,1,4.2,4.0,3.7,0.0,3.52,0,4.55,0.0,3.5,0,3.8,0,0,3,5,1,0,1,0,0,0,0,0,Needs improvement,0,0,0,4.07125
259,259,,,,,,4.9,2,3.5,2,4.7,2.0,3.1,0.0,3.9,0,3.56,0.0,3.6,0,4.2,0,0,3,5,1,0,1,0,0,0,0,0,Lagging Behind,0,0,0,3.9325
260,260,,,,,,4.2,1,4.1,1,4.5,4.0,4.8,0.0,4.26,0,4.17,0.0,4.9,0,4.6,0,0,2,4,1,0,1,0,1,0,0,0,Very talkative,0,0,0,4.44125
261,261,,,,,,4.7,2,3.2,2,3.8,2.0,4.9,0.0,4.78,0,3.75,0.0,3.5,0,3.5,0,0,3,5,1,0,1,0,1,0,0,0,Does not follow my lecture,0,0,0,4.01625
